feature,coef,hazard_ratio,se(coef),p
rate_incentive_at_entry,0.5321067963692786,1.702515386120016,0.16749885530729713,0.001489206231030546
is_investment,0.2658443426716083,1.3045319829189594,0.21420673473500962,0.21458197676307478
dti_ord,0.1976073524540374,1.218483865181784,0.04952779150553549,6.6121320702657e-05
ltv_ord,0.16583935304270522,1.180383461479592,0.042736599734427255,0.00010424216790426025
is_high_ops_servicer,0.158158111978085,1.1713513847513772,0.1327393130874357,0.23345966082304465
log_original_balance,0.029047490381214777,1.029473483402422,0.12810130026999925,0.8206149852417292
interest_rate_clean,0.025715430500607817,1.02604892469603,0.14632482340921685,0.8604965656881262
credit_ord,-0.18237659140676088,0.8332874724179752,0.03352585115766104,5.331661215910405e-08
is_cash_out,-0.2428236612990875,0.784409823385768,0.1683284330513406,0.14914479825844829
