group,loan_age_months,survival,cumulative_event_prob,n_loans,events
all,0,1.0,0.0,16000,5437
all,1,0.9969087643428256,0.003091235657174396,16000,5437
all,2,0.9941844505921588,0.005815549407841236,16000,5437
all,3,0.9909225671022976,0.009077432897702353,16000,5437
all,4,0.9862226877288279,0.01377731227117207,16000,5437
all,5,0.9792655400746881,0.020734459925311866,16000,5437
all,6,0.9682780764911096,0.03172192350889036,16000,5437
all,7,0.9584092334627321,0.0415907665372679,16000,5437
all,8,0.9479623273786294,0.0520376726213706,16000,5437
all,9,0.9368090880841589,0.06319091191584114,16000,5437
all,10,0.9243788738757266,0.07562112612427341,16000,5437
all,11,0.9106623656952669,0.08933763430473307,16000,5437
all,12,0.8981901405811151,0.10180985941888487,16000,5437
all,13,0.8858922446623667,0.11410775533763329,16000,5437
all,14,0.8731286907108845,0.1268713092891155,16000,5437
all,15,0.8602838873081027,0.13971611269189732,16000,5437
all,16,0.8484416135485333,0.1515583864514667,16000,5437
all,17,0.8364540122147649,0.1635459877852351,16000,5437
all,18,0.827001111038239,0.17299888896176097,16000,5437
all,19,0.8190719269534377,0.18092807304656233,16000,5437
all,20,0.8097271976156866,0.19027280238431343,16000,5437
all,21,0.7996648919305782,0.20033510806942179,16000,5437
all,22,0.7891463611095467,0.21085363889045328,16000,5437
all,23,0.7790002853462379,0.2209997146537621,16000,5437
all,24,0.7706474284429865,0.2293525715570135,16000,5437
all,25,0.7602941043459142,0.23970589565408584,16000,5437
all,26,0.7538569347214464,0.24614306527855356,16000,5437
all,27,0.7462178162940765,0.25378218370592354,16000,5437
all,28,0.7399882892308755,0.26001171076912455,16000,5437
all,29,0.7347281883869845,0.2652718116130155,16000,5437
all,30,0.7291802268637873,0.27081977313621275,16000,5437
all,31,0.7237975332132738,0.2762024667867262,16000,5437
all,32,0.7180854090486233,0.2819145909513767,16000,5437
all,33,0.7136343156686861,0.28636568433131393,16000,5437
all,34,0.7076643538101173,0.2923356461898827,16000,5437
all,35,0.7042390665215884,0.2957609334784116,16000,5437
all,36,0.6997604737745462,0.3002395262254538,16000,5437
all,37,0.6952598895858045,0.30474011041419546,16000,5437
all,38,0.6927212492351372,0.3072787507648628,16000,5437
all,39,0.6901236492924385,0.3098763507075615,16000,5437
all,40,0.687559087236354,0.31244091276364605,16000,5437
all,41,0.6840363046707777,0.3159636953292223,16000,5437
all,42,0.681048455821785,0.31895154417821503,16000,5437
all,43,0.6788096990843904,0.32119030091560963,16000,5437
all,44,0.6745779582570021,0.32542204174299794,16000,5437
all,45,0.6716071216821768,0.32839287831782316,16000,5437
all,46,0.6679343499397254,0.33206565006027455,16000,5437
all,47,0.6655012663083333,0.3344987336916667,16000,5437
all,48,0.6634243076914047,0.3365756923085953,16000,5437
all,49,0.6604812890938995,0.33951871090610053,16000,5437
all,50,0.6583624754771304,0.34163752452286955,16000,5437
all,51,0.6554418286358277,0.3445581713641723,16000,5437
all,52,0.651901633573752,0.34809836642624803,16000,5437
all,53,0.6491219514813564,0.35087804851864357,16000,5437
all,54,0.6455318279462537,0.35446817205374626,16000,5437
all,55,0.6427842686427185,0.35721573135728146,16000,5437
all,56,0.6397594014961646,0.3602405985038354,16000,5437
all,57,0.6368855134934363,0.36311448650656375,16000,5437
all,58,0.6343675159440416,0.3656324840559584,16000,5437
all,59,0.6327619738620681,0.3672380261379319,16000,5437
all,60,0.6298831659737063,0.3701168340262937,16000,5437
all,61,0.6262103778339183,0.3737896221660817,16000,5437
all,62,0.6235792417925994,0.3764207582074006,16000,5437
all,63,0.6205120718556706,0.3794879281443294,16000,5437
all,64,0.6174678589111617,0.38253214108883826,16000,5437
all,65,0.6138438940507348,0.3861561059492652,16000,5437
all,66,0.6107623483978699,0.3892376516021301,16000,5437
all,67,0.608414552440272,0.391585447559728,16000,5437
all,68,0.6047383315796057,0.39526166842039434,16000,5437
all,69,0.6017965884794966,0.3982034115205034,16000,5437
all,70,0.5990040289041859,0.4009959710958141,16000,5437
all,71,0.5939277235744899,0.40607227642551014,16000,5437
all,72,0.5892967081859947,0.41070329181400533,16000,5437
all,73,0.584846786980707,0.415153213019293,16000,5437
all,74,0.5806940287299562,0.41930597127004376,16000,5437
all,75,0.577576208441473,0.42242379155852705,16000,5437
all,76,0.5731939913819778,0.4268060086180222,16000,5437
all,77,0.5721722552119565,0.42782774478804353,16000,5437
all,78,0.5697006687963542,0.43029933120364583,16000,5437
all,79,0.5667564792935308,0.4332435207064692,16000,5437
all,80,0.5649686039645293,0.4350313960354707,16000,5437
all,81,0.5581617533143542,0.44183824668564575,16000,5437
all,82,0.5552846308745895,0.44471536912541054,16000,5437
all,83,0.5552846308745895,0.44471536912541054,16000,5437
all,84,0.5552846308745895,0.44471536912541054,16000,5437
all,85,0.5552846308745895,0.44471536912541054,16000,5437
all,86,0.5552846308745895,0.44471536912541054,16000,5437
all,87,0.5552846308745895,0.44471536912541054,16000,5437
all,88,0.5552846308745895,0.44471536912541054,16000,5437
all,89,0.5552846308745895,0.44471536912541054,16000,5437
all,90,0.5552846308745895,0.44471536912541054,16000,5437
all,91,0.5552846308745895,0.44471536912541054,16000,5437
all,92,0.5552846308745895,0.44471536912541054,16000,5437
all,93,0.5552846308745895,0.44471536912541054,16000,5437
all,94,0.5552846308745895,0.44471536912541054,16000,5437
all,95,0.5552846308745895,0.44471536912541054,16000,5437
all,96,0.5552846308745895,0.44471536912541054,16000,5437
all,97,0.5552846308745895,0.44471536912541054,16000,5437
all,98,0.5552846308745895,0.44471536912541054,16000,5437
all,99,0.5552846308745895,0.44471536912541054,16000,5437
all,100,0.5552846308745895,0.44471536912541054,16000,5437
all,101,0.5552846308745895,0.44471536912541054,16000,5437
all,102,0.5552846308745895,0.44471536912541054,16000,5437
all,103,0.5552846308745895,0.44471536912541054,16000,5437
all,104,0.5552846308745895,0.44471536912541054,16000,5437
all,105,0.5552846308745895,0.44471536912541054,16000,5437
all,106,0.5552846308745895,0.44471536912541054,16000,5437
all,107,0.5552846308745895,0.44471536912541054,16000,5437
all,108,0.5552846308745895,0.44471536912541054,16000,5437
all,109,0.5552846308745895,0.44471536912541054,16000,5437
all,110,0.5552846308745895,0.44471536912541054,16000,5437
all,111,0.5552846308745895,0.44471536912541054,16000,5437
all,112,0.5552846308745895,0.44471536912541054,16000,5437
all,113,0.5552846308745895,0.44471536912541054,16000,5437
all,114,0.5552846308745895,0.44471536912541054,16000,5437
all,115,0.5552846308745895,0.44471536912541054,16000,5437
all,116,0.5552846308745895,0.44471536912541054,16000,5437
all,117,0.5552846308745895,0.44471536912541054,16000,5437
all,118,0.5552846308745895,0.44471536912541054,16000,5437
all,119,0.5552846308745895,0.44471536912541054,16000,5437
all,120,0.5552846308745895,0.44471536912541054,16000,5437
